{
    "FudanPed00001.png": [
        {
            "x": 335,
            "y": 147,
            "width": 177,
            "height": 357
        },
        {
            "x": 142,
            "y": 117,
            "width": 174,
            "height": 347
        },
        {
            "x": 220,
            "y": 290,
            "width": 71,
            "height": 141
        }
    ],
    "FudanPed00002.png": [
        {
            "x": 99,
            "y": 116,
            "width": 202,
            "height": 396
        }
    ],
    "FudanPed00003.png": [
        {
            "x": 308,
            "y": 141,
            "width": 184,
            "height": 368
        }
    ],
    "FudanPed00004.png": [
        {
            "x": 194,
            "y": 32,
            "width": 218,
            "height": 436
        },
        {
            "x": 0,
            "y": 50,
            "width": 93,
            "height": 212
        }
    ],
    "FudanPed00005.png": [
        {
            "x": 289,
            "y": 58,
            "width": 184,
            "height": 368
        },
        {
            "x": 235,
            "y": 31,
            "width": 251,
            "height": 481
        }
    ],
    "FudanPed00006.png": [
        {
            "x": 292,
            "y": 84,
            "width": 214,
            "height": 428
        },
        {
            "x": 79,
            "y": 233,
            "width": 74,
            "height": 148
        }
    ],
    "FudanPed00007.png": [
        {
            "x": 75,
            "y": 172,
            "width": 171,
            "height": 340
        },
        {
            "x": 306,
            "y": 60,
            "width": 206,
            "height": 452
        },
        {
            "x": 341,
            "y": 205,
            "width": 159,
            "height": 307
        },
        {
            "x": 369,
            "y": 107,
            "width": 100,
            "height": 200
        },
        {
            "x": 402,
            "y": 111,
            "width": 110,
            "height": 238
        },
        {
            "x": 110,
            "y": 70,
            "width": 81,
            "height": 161
        },
        {
            "x": 387,
            "y": 304,
            "width": 103,
            "height": 206
        },
        {
            "x": 280,
            "y": 129,
            "width": 74,
            "height": 147
        },
        {
            "x": 262,
            "y": 77,
            "width": 103,
            "height": 207
        }
    ],
    "FudanPed00008.png": [
        {
            "x": 329,
            "y": 128,
            "width": 157,
            "height": 315
        },
        {
            "x": 11,
            "y": 142,
            "width": 152,
            "height": 304
        }
    ],
    "FudanPed00009.png": [
        {
            "x": 251,
            "y": 322,
            "width": 74,
            "height": 147
        }
    ],
    "FudanPed00010.png": [
        {
            "x": 298,
            "y": 78,
            "width": 207,
            "height": 414
        }
    ],
    "FudanPed00011.png": [
        {
            "x": 294,
            "y": 262,
            "width": 125,
            "height": 249
        }
    ],
    "FudanPed00012.png": [
        {
            "x": 307,
            "y": 32,
            "width": 205,
            "height": 456
        },
        {
            "x": 143,
            "y": 62,
            "width": 219,
            "height": 437
        }
    ],
    "FudanPed00013.png": [
        {
            "x": 297,
            "y": 215,
            "width": 135,
            "height": 269
        }
    ],
    "FudanPed00014.png": [
        {
            "x": 269,
            "y": 63,
            "width": 227,
            "height": 449
        }
    ],
    "FudanPed00015.png": [
        {
            "x": 0,
            "y": 191,
            "width": 147,
            "height": 321
        },
        {
            "x": 0,
            "y": 111,
            "width": 92,
            "height": 202
        },
        {
            "x": 186,
            "y": 51,
            "width": 70,
            "height": 140
        },
        {
            "x": 143,
            "y": 312,
            "width": 76,
            "height": 151
        },
        {
            "x": 46,
            "y": 339,
            "width": 72,
            "height": 144
        },
        {
            "x": 114,
            "y": 72,
            "width": 68,
            "height": 137
        }
    ],
    "FudanPed00016.png": [
        {
            "x": 262,
            "y": 107,
            "width": 193,
            "height": 386
        },
        {
            "x": 32,
            "y": 93,
            "width": 215,
            "height": 419
        },
        {
            "x": 190,
            "y": 90,
            "width": 128,
            "height": 256
        },
        {
            "x": 354,
            "y": 93,
            "width": 154,
            "height": 308
        }
    ],
    "FudanPed00017.png": [
        {
            "x": 167,
            "y": 41,
            "width": 227,
            "height": 453
        }
    ],
    "FudanPed00018.png": [
        {
            "x": 0,
            "y": 16,
            "width": 199,
            "height": 412
        },
        {
            "x": 0,
            "y": 227,
            "width": 145,
            "height": 285
        },
        {
            "x": 129,
            "y": 268,
            "width": 117,
            "height": 234
        },
        {
            "x": 39,
            "y": 339,
            "width": 70,
            "height": 139
        }
    ],
    "FudanPed00019.png": [
        {
            "x": 176,
            "y": 106,
            "width": 199,
            "height": 398
        },
        {
            "x": 129,
            "y": 16,
            "width": 194,
            "height": 387
        },
        {
            "x": 22,
            "y": 126,
            "width": 76,
            "height": 152
        },
        {
            "x": 95,
            "y": 0,
            "width": 131,
            "height": 248
        }
    ],
    "FudanPed00020.png": [
        {
            "x": 292,
            "y": 109,
            "width": 195,
            "height": 389
        },
        {
            "x": 0,
            "y": 184,
            "width": 81,
            "height": 171
        },
        {
            "x": 0,
            "y": 244,
            "width": 67,
            "height": 141
        },
        {
            "x": 125,
            "y": 203,
            "width": 68,
            "height": 135
        }
    ],
    "FudanPed00021.png": [
        {
            "x": 291,
            "y": 91,
            "width": 199,
            "height": 397
        },
        {
            "x": 229,
            "y": 104,
            "width": 72,
            "height": 144
        },
        {
            "x": 71,
            "y": 99,
            "width": 65,
            "height": 130
        },
        {
            "x": 31,
            "y": 105,
            "width": 67,
            "height": 134
        }
    ],
    "FudanPed00022.png": [
        {
            "x": 69,
            "y": 188,
            "width": 166,
            "height": 324
        },
        {
            "x": 7,
            "y": 191,
            "width": 96,
            "height": 193
        },
        {
            "x": 0,
            "y": 126,
            "width": 84,
            "height": 173
        }
    ],
    "FudanPed00023.png": [
        {
            "x": 300,
            "y": 104,
            "width": 172,
            "height": 345
        },
        {
            "x": 212,
            "y": 44,
            "width": 105,
            "height": 211
        },
        {
            "x": 0,
            "y": 10,
            "width": 58,
            "height": 133
        }
    ],
    "FudanPed00024.png": [
        {
            "x": 122,
            "y": 228,
            "width": 112,
            "height": 224
        }
    ],
    "FudanPed00025.png": [
        {
            "x": 231,
            "y": 42,
            "width": 244,
            "height": 470
        },
        {
            "x": 19,
            "y": 93,
            "width": 135,
            "height": 269
        },
        {
            "x": 95,
            "y": 64,
            "width": 174,
            "height": 347
        },
        {
            "x": 165,
            "y": 22,
            "width": 210,
            "height": 420
        },
        {
            "x": 311,
            "y": 82,
            "width": 124,
            "height": 247
        },
        {
            "x": 186,
            "y": 205,
            "width": 93,
            "height": 186
        }
    ],
    "FudanPed00026.png": [
        {
            "x": 174,
            "y": 87,
            "width": 203,
            "height": 405
        },
        {
            "x": 2,
            "y": 74,
            "width": 217,
            "height": 433
        }
    ],
    "FudanPed00027.png": [
        {
            "x": 263,
            "y": 98,
            "width": 214,
            "height": 414
        },
        {
            "x": 248,
            "y": 262,
            "width": 66,
            "height": 133
        }
    ],
    "FudanPed00028.png": [
        {
            "x": 270,
            "y": 3,
            "width": 232,
            "height": 464
        },
        {
            "x": 98,
            "y": 30,
            "width": 143,
            "height": 285
        },
        {
            "x": 145,
            "y": 286,
            "width": 82,
            "height": 163
        },
        {
            "x": 118,
            "y": 211,
            "width": 130,
            "height": 260
        }
    ],
    "FudanPed00029.png": [
        {
            "x": 0,
            "y": 54,
            "width": 187,
            "height": 414
        },
        {
            "x": 281,
            "y": 88,
            "width": 119,
            "height": 239
        },
        {
            "x": 346,
            "y": 308,
            "width": 71,
            "height": 141
        }
    ],
    "FudanPed00030.png": [
        {
            "x": 99,
            "y": 122,
            "width": 118,
            "height": 236
        }
    ],
    "FudanPed00031.png": [
        {
            "x": 226,
            "y": 106,
            "width": 202,
            "height": 403
        },
        {
            "x": 285,
            "y": 257,
            "width": 88,
            "height": 177
        }
    ],
    "FudanPed00032.png": [
        {
            "x": 347,
            "y": 162,
            "width": 165,
            "height": 350
        }
    ],
    "FudanPed00033.png": [
        {
            "x": 73,
            "y": 2,
            "width": 165,
            "height": 330
        },
        {
            "x": 218,
            "y": 0,
            "width": 184,
            "height": 357
        },
        {
            "x": 256,
            "y": 94,
            "width": 119,
            "height": 237
        },
        {
            "x": 418,
            "y": 164,
            "width": 84,
            "height": 169
        },
        {
            "x": 396,
            "y": 95,
            "width": 116,
            "height": 253
        },
        {
            "x": 415,
            "y": 129,
            "width": 69,
            "height": 138
        }
    ],
    "FudanPed00034.png": [
        {
            "x": 207,
            "y": 30,
            "width": 237,
            "height": 473
        },
        {
            "x": 0,
            "y": 49,
            "width": 71,
            "height": 146
        },
        {
            "x": 102,
            "y": 64,
            "width": 75,
            "height": 150
        }
    ],
    "FudanPed00035.png": [
        {
            "x": 107,
            "y": 17,
            "width": 233,
            "height": 466
        }
    ],
    "FudanPed00036.png": [
        {
            "x": 16,
            "y": 67,
            "width": 219,
            "height": 437
        }
    ],
    "FudanPed00037.png": [
        {
            "x": 294,
            "y": 34,
            "width": 218,
            "height": 474
        },
        {
            "x": 354,
            "y": 43,
            "width": 109,
            "height": 218
        },
        {
            "x": 375,
            "y": 117,
            "width": 97,
            "height": 195
        },
        {
            "x": 204,
            "y": 124,
            "width": 71,
            "height": 141
        },
        {
            "x": 345,
            "y": 341,
            "width": 70,
            "height": 139
        }
    ],
    "FudanPed00038.png": [
        {
            "x": 305,
            "y": 2,
            "width": 131,
            "height": 261
        },
        {
            "x": 291,
            "y": 164,
            "width": 140,
            "height": 279
        },
        {
            "x": 269,
            "y": 349,
            "width": 83,
            "height": 163
        },
        {
            "x": 430,
            "y": 381,
            "width": 65,
            "height": 131
        }
    ],
    "FudanPed00039.png": [
        {
            "x": 199,
            "y": 102,
            "width": 180,
            "height": 361
        },
        {
            "x": 103,
            "y": 105,
            "width": 134,
            "height": 268
        }
    ],
    "FudanPed00040.png": [
        {
            "x": 132,
            "y": 140,
            "width": 182,
            "height": 363
        },
        {
            "x": 220,
            "y": 161,
            "width": 165,
            "height": 330
        },
        {
            "x": 86,
            "y": 260,
            "width": 76,
            "height": 152
        }
    ],
    "FudanPed00041.png": [
        {
            "x": 235,
            "y": 133,
            "width": 179,
            "height": 359
        },
        {
            "x": 0,
            "y": 158,
            "width": 134,
            "height": 271
        }
    ],
    "FudanPed00042.png": [
        {
            "x": 211,
            "y": 121,
            "width": 166,
            "height": 332
        },
        {
            "x": 94,
            "y": 153,
            "width": 160,
            "height": 319
        },
        {
            "x": 432,
            "y": 202,
            "width": 74,
            "height": 148
        },
        {
            "x": 46,
            "y": 77,
            "width": 65,
            "height": 130
        }
    ],
    "FudanPed00043.png": [
        {
            "x": 5,
            "y": 75,
            "width": 201,
            "height": 403
        },
        {
            "x": 229,
            "y": 131,
            "width": 173,
            "height": 346
        },
        {
            "x": 110,
            "y": 95,
            "width": 196,
            "height": 391
        },
        {
            "x": 24,
            "y": 221,
            "width": 79,
            "height": 158
        }
    ],
    "FudanPed00044.png": [
        {
            "x": 197,
            "y": 138,
            "width": 183,
            "height": 366
        },
        {
            "x": 355,
            "y": 120,
            "width": 145,
            "height": 290
        },
        {
            "x": 29,
            "y": 139,
            "width": 67,
            "height": 134
        }
    ],
    "FudanPed00045.png": [
        {
            "x": 300,
            "y": 148,
            "width": 178,
            "height": 356
        },
        {
            "x": 213,
            "y": 166,
            "width": 146,
            "height": 291
        },
        {
            "x": 12,
            "y": 322,
            "width": 69,
            "height": 137
        },
        {
            "x": 151,
            "y": 378,
            "width": 67,
            "height": 134
        }
    ],
    "FudanPed00046.png": [
        {
            "x": 306,
            "y": 104,
            "width": 157,
            "height": 313
        },
        {
            "x": 107,
            "y": 139,
            "width": 185,
            "height": 370
        },
        {
            "x": 253,
            "y": 126,
            "width": 86,
            "height": 173
        },
        {
            "x": 274,
            "y": 258,
            "width": 77,
            "height": 154
        },
        {
            "x": 452,
            "y": 187,
            "width": 60,
            "height": 133
        }
    ],
    "FudanPed00047.png": [
        {
            "x": 0,
            "y": 160,
            "width": 131,
            "height": 275
        },
        {
            "x": 199,
            "y": 145,
            "width": 166,
            "height": 331
        },
        {
            "x": 273,
            "y": 185,
            "width": 165,
            "height": 327
        },
        {
            "x": 406,
            "y": 166,
            "width": 75,
            "height": 151
        }
    ],
    "FudanPed00048.png": [
        {
            "x": 82,
            "y": 177,
            "width": 165,
            "height": 330
        },
        {
            "x": 36,
            "y": 201,
            "width": 124,
            "height": 247
        },
        {
            "x": 380,
            "y": 216,
            "width": 132,
            "height": 284
        },
        {
            "x": 0,
            "y": 234,
            "width": 127,
            "height": 278
        },
        {
            "x": 14,
            "y": 276,
            "width": 111,
            "height": 223
        },
        {
            "x": 267,
            "y": 210,
            "width": 77,
            "height": 153
        },
        {
            "x": 130,
            "y": 312,
            "width": 85,
            "height": 170
        },
        {
            "x": 356,
            "y": 142,
            "width": 76,
            "height": 152
        }
    ],
    "FudanPed00049.png": [
        {
            "x": 216,
            "y": 73,
            "width": 190,
            "height": 380
        },
        {
            "x": 265,
            "y": 237,
            "width": 98,
            "height": 196
        }
    ],
    "FudanPed00050.png": [
        {
            "x": 218,
            "y": 171,
            "width": 145,
            "height": 289
        },
        {
            "x": 4,
            "y": 229,
            "width": 142,
            "height": 283
        }
    ],
    "FudanPed00051.png": [
        {
            "x": 120,
            "y": 171,
            "width": 171,
            "height": 341
        }
    ],
    "FudanPed00052.png": [
        {
            "x": 207,
            "y": 155,
            "width": 174,
            "height": 348
        },
        {
            "x": 212,
            "y": 193,
            "width": 108,
            "height": 216
        }
    ],
    "FudanPed00053.png": [
        {
            "x": 348,
            "y": 95,
            "width": 164,
            "height": 339
        },
        {
            "x": 47,
            "y": 111,
            "width": 161,
            "height": 322
        },
        {
            "x": 262,
            "y": 0,
            "width": 109,
            "height": 219
        },
        {
            "x": 265,
            "y": 196,
            "width": 105,
            "height": 210
        },
        {
            "x": 289,
            "y": 66,
            "width": 72,
            "height": 143
        }
    ],
    "FudanPed00054.png": [
        {
            "x": 244,
            "y": 105,
            "width": 134,
            "height": 267
        },
        {
            "x": 50,
            "y": 134,
            "width": 163,
            "height": 326
        },
        {
            "x": 327,
            "y": 135,
            "width": 116,
            "height": 231
        },
        {
            "x": 332,
            "y": 84,
            "width": 88,
            "height": 175
        },
        {
            "x": 450,
            "y": 102,
            "width": 62,
            "height": 133
        }
    ],
    "FudanPed00055.png": [
        {
            "x": 212,
            "y": 151,
            "width": 186,
            "height": 361
        }
    ],
    "FudanPed00056.png": [
        {
            "x": 165,
            "y": 198,
            "width": 155,
            "height": 309
        },
        {
            "x": 373,
            "y": 235,
            "width": 130,
            "height": 260
        },
        {
            "x": 153,
            "y": 90,
            "width": 67,
            "height": 133
        }
    ],
    "FudanPed00057.png": [
        {
            "x": 226,
            "y": 124,
            "width": 131,
            "height": 262
        },
        {
            "x": 8,
            "y": 156,
            "width": 141,
            "height": 282
        },
        {
            "x": 98,
            "y": 58,
            "width": 163,
            "height": 326
        },
        {
            "x": 340,
            "y": 93,
            "width": 95,
            "height": 191
        },
        {
            "x": 385,
            "y": 92,
            "width": 91,
            "height": 181
        }
    ],
    "FudanPed00058.png": [
        {
            "x": 86,
            "y": 54,
            "width": 232,
            "height": 458
        },
        {
            "x": 284,
            "y": 90,
            "width": 114,
            "height": 228
        },
        {
            "x": 181,
            "y": 344,
            "width": 83,
            "height": 165
        },
        {
            "x": 394,
            "y": 76,
            "width": 70,
            "height": 141
        },
        {
            "x": 19,
            "y": 116,
            "width": 69,
            "height": 138
        }
    ],
    "FudanPed00059.png": [
        {
            "x": 0,
            "y": 74,
            "width": 184,
            "height": 407
        },
        {
            "x": 64,
            "y": 13,
            "width": 231,
            "height": 461
        },
        {
            "x": 185,
            "y": 71,
            "width": 206,
            "height": 411
        },
        {
            "x": 122,
            "y": 251,
            "width": 116,
            "height": 232
        },
        {
            "x": 13,
            "y": 217,
            "width": 135,
            "height": 269
        },
        {
            "x": 236,
            "y": 288,
            "width": 94,
            "height": 188
        }
    ],
    "FudanPed00060.png": [
        {
            "x": 355,
            "y": 175,
            "width": 157,
            "height": 333
        },
        {
            "x": 236,
            "y": 142,
            "width": 191,
            "height": 370
        },
        {
            "x": 276,
            "y": 297,
            "width": 112,
            "height": 215
        },
        {
            "x": 202,
            "y": 364,
            "width": 77,
            "height": 148
        },
        {
            "x": 294,
            "y": 57,
            "width": 131,
            "height": 262
        }
    ],
    "FudanPed00061.png": [
        {
            "x": 81,
            "y": 43,
            "width": 227,
            "height": 454
        },
        {
            "x": 253,
            "y": 72,
            "width": 207,
            "height": 415
        },
        {
            "x": 107,
            "y": 187,
            "width": 154,
            "height": 307
        },
        {
            "x": 290,
            "y": 267,
            "width": 118,
            "height": 237
        },
        {
            "x": 350,
            "y": 197,
            "width": 162,
            "height": 315
        },
        {
            "x": 416,
            "y": 194,
            "width": 96,
            "height": 213
        }
    ],
    "FudanPed00062.png": [
        {
            "x": 331,
            "y": 119,
            "width": 181,
            "height": 372
        },
        {
            "x": 164,
            "y": 102,
            "width": 192,
            "height": 383
        }
    ],
    "FudanPed00063.png": [
        {
            "x": 101,
            "y": 74,
            "width": 230,
            "height": 438
        },
        {
            "x": 146,
            "y": 238,
            "width": 139,
            "height": 274
        },
        {
            "x": 178,
            "y": 26,
            "width": 88,
            "height": 176
        },
        {
            "x": 113,
            "y": 66,
            "width": 91,
            "height": 182
        },
        {
            "x": 181,
            "y": 329,
            "width": 83,
            "height": 165
        },
        {
            "x": 231,
            "y": 173,
            "width": 68,
            "height": 136
        },
        {
            "x": 39,
            "y": 337,
            "width": 64,
            "height": 128
        }
    ],
    "FudanPed00064.png": [
        {
            "x": 84,
            "y": 78,
            "width": 217,
            "height": 433
        },
        {
            "x": 228,
            "y": 86,
            "width": 222,
            "height": 426
        },
        {
            "x": 307,
            "y": 78,
            "width": 205,
            "height": 434
        },
        {
            "x": 365,
            "y": 281,
            "width": 121,
            "height": 231
        },
        {
            "x": 302,
            "y": 319,
            "width": 93,
            "height": 187
        },
        {
            "x": 417,
            "y": 221,
            "width": 75,
            "height": 150
        }
    ],
    "FudanPed00065.png": [
        {
            "x": 0,
            "y": 99,
            "width": 195,
            "height": 404
        },
        {
            "x": 156,
            "y": 68,
            "width": 235,
            "height": 444
        },
        {
            "x": 292,
            "y": 92,
            "width": 192,
            "height": 384
        },
        {
            "x": 220,
            "y": 58,
            "width": 127,
            "height": 254
        },
        {
            "x": 219,
            "y": 292,
            "width": 114,
            "height": 220
        },
        {
            "x": 263,
            "y": 353,
            "width": 71,
            "height": 141
        }
    ],
    "FudanPed00066.png": [
        {
            "x": 283,
            "y": 23,
            "width": 229,
            "height": 489
        },
        {
            "x": 337,
            "y": 175,
            "width": 155,
            "height": 310
        }
    ],
    "FudanPed00067.png": [
        {
            "x": 32,
            "y": 127,
            "width": 186,
            "height": 373
        },
        {
            "x": 414,
            "y": 48,
            "width": 77,
            "height": 153
        }
    ],
    "FudanPed00068.png": [
        {
            "x": 293,
            "y": 92,
            "width": 198,
            "height": 395
        }
    ],
    "FudanPed00069.png": [
        {
            "x": 270,
            "y": 56,
            "width": 238,
            "height": 456
        }
    ],
    "FudanPed00070.png": [
        {
            "x": 329,
            "y": 104,
            "width": 183,
            "height": 396
        }
    ],
    "FudanPed00071.png": [
        {
            "x": 154,
            "y": 124,
            "width": 196,
            "height": 388
        },
        {
            "x": 305,
            "y": 0,
            "width": 131,
            "height": 248
        }
    ],
    "FudanPed00072.png": [
        {
            "x": 39,
            "y": 148,
            "width": 190,
            "height": 364
        },
        {
            "x": 69,
            "y": 316,
            "width": 92,
            "height": 185
        }
    ],
    "FudanPed00073.png": [
        {
            "x": 17,
            "y": 146,
            "width": 186,
            "height": 366
        },
        {
            "x": 156,
            "y": 170,
            "width": 171,
            "height": 342
        }
    ],
    "FudanPed00074.png": [
        {
            "x": 7,
            "y": 178,
            "width": 171,
            "height": 334
        },
        {
            "x": 158,
            "y": 72,
            "width": 221,
            "height": 440
        }
    ],
    "PennPed00001.png": [
        {
            "x": 260,
            "y": 3,
            "width": 227,
            "height": 454
        },
        {
            "x": 158,
            "y": 49,
            "width": 214,
            "height": 427
        },
        {
            "x": 22,
            "y": 76,
            "width": 168,
            "height": 335
        },
        {
            "x": 122,
            "y": 0,
            "width": 152,
            "height": 293
        }
    ],
    "PennPed00002.png": [
        {
            "x": 0,
            "y": 29,
            "width": 184,
            "height": 389
        },
        {
            "x": 185,
            "y": 53,
            "width": 228,
            "height": 455
        },
        {
            "x": 157,
            "y": 136,
            "width": 119,
            "height": 237
        },
        {
            "x": 224,
            "y": 181,
            "width": 152,
            "height": 304
        },
        {
            "x": 321,
            "y": 69,
            "width": 116,
            "height": 233
        },
        {
            "x": 393,
            "y": 202,
            "width": 115,
            "height": 229
        },
        {
            "x": 0,
            "y": 248,
            "width": 96,
            "height": 192
        }
    ],
    "PennPed00003.png": [
        {
            "x": 278,
            "y": 40,
            "width": 187,
            "height": 374
        },
        {
            "x": 120,
            "y": 40,
            "width": 179,
            "height": 358
        },
        {
            "x": 318,
            "y": 220,
            "width": 112,
            "height": 223
        },
        {
            "x": 173,
            "y": 215,
            "width": 74,
            "height": 147
        },
        {
            "x": 4,
            "y": 8,
            "width": 73,
            "height": 146
        },
        {
            "x": 449,
            "y": 349,
            "width": 63,
            "height": 135
        },
        {
            "x": 86,
            "y": 18,
            "width": 66,
            "height": 131
        }
    ],
    "PennPed00004.png": [
        {
            "x": 34,
            "y": 64,
            "width": 230,
            "height": 448
        },
        {
            "x": 352,
            "y": 199,
            "width": 155,
            "height": 310
        },
        {
            "x": 242,
            "y": 233,
            "width": 125,
            "height": 249
        },
        {
            "x": 11,
            "y": 245,
            "width": 137,
            "height": 267
        }
    ],
    "PennPed00005.png": [
        {
            "x": 316,
            "y": 161,
            "width": 173,
            "height": 347
        },
        {
            "x": 78,
            "y": 252,
            "width": 122,
            "height": 243
        },
        {
            "x": 161,
            "y": 224,
            "width": 152,
            "height": 288
        },
        {
            "x": 205,
            "y": 314,
            "width": 97,
            "height": 194
        },
        {
            "x": 96,
            "y": 185,
            "width": 81,
            "height": 161
        },
        {
            "x": 33,
            "y": 342,
            "width": 67,
            "height": 133
        },
        {
            "x": 18,
            "y": 165,
            "width": 87,
            "height": 175
        }
    ],
    "PennPed00006.png": [
        {
            "x": 54,
            "y": 257,
            "width": 129,
            "height": 255
        },
        {
            "x": 90,
            "y": 107,
            "width": 87,
            "height": 174
        },
        {
            "x": 346,
            "y": 71,
            "width": 129,
            "height": 258
        },
        {
            "x": 196,
            "y": 308,
            "width": 84,
            "height": 167
        },
        {
            "x": 32,
            "y": 128,
            "width": 72,
            "height": 144
        }
    ],
    "PennPed00007.png": [
        {
            "x": 301,
            "y": 34,
            "width": 211,
            "height": 434
        },
        {
            "x": 59,
            "y": 148,
            "width": 169,
            "height": 337
        },
        {
            "x": 215,
            "y": 189,
            "width": 170,
            "height": 323
        },
        {
            "x": 180,
            "y": 183,
            "width": 106,
            "height": 212
        },
        {
            "x": 174,
            "y": 72,
            "width": 93,
            "height": 186
        },
        {
            "x": 262,
            "y": 77,
            "width": 78,
            "height": 155
        }
    ],
    "PennPed00008.png": [
        {
            "x": 39,
            "y": 71,
            "width": 196,
            "height": 392
        },
        {
            "x": 188,
            "y": 25,
            "width": 225,
            "height": 449
        },
        {
            "x": 328,
            "y": 17,
            "width": 184,
            "height": 389
        },
        {
            "x": 271,
            "y": 65,
            "width": 70,
            "height": 140
        },
        {
            "x": 300,
            "y": 347,
            "width": 83,
            "height": 165
        },
        {
            "x": 235,
            "y": 164,
            "width": 68,
            "height": 136
        }
    ],
    "PennPed00009.png": [
        {
            "x": 23,
            "y": 48,
            "width": 184,
            "height": 367
        },
        {
            "x": 167,
            "y": 41,
            "width": 234,
            "height": 468
        }
    ],
    "PennPed00010.png": [
        {
            "x": 268,
            "y": 29,
            "width": 212,
            "height": 424
        },
        {
            "x": 158,
            "y": 116,
            "width": 197,
            "height": 393
        },
        {
            "x": 0,
            "y": 154,
            "width": 113,
            "height": 230
        },
        {
            "x": 227,
            "y": 47,
            "width": 150,
            "height": 301
        },
        {
            "x": 95,
            "y": 34,
            "width": 147,
            "height": 293
        }
    ],
    "PennPed00011.png": [],
    "PennPed00012.png": [
        {
            "x": 87,
            "y": 168,
            "width": 69,
            "height": 138
        }
    ],
    "PennPed00013.png": [
        {
            "x": 293,
            "y": 90,
            "width": 213,
            "height": 422
        },
        {
            "x": 50,
            "y": 137,
            "width": 191,
            "height": 375
        },
        {
            "x": 198,
            "y": 160,
            "width": 173,
            "height": 347
        }
    ],
    "PennPed00014.png": [
        {
            "x": 160,
            "y": 133,
            "width": 183,
            "height": 366
        },
        {
            "x": 304,
            "y": 208,
            "width": 151,
            "height": 301
        },
        {
            "x": 95,
            "y": 110,
            "width": 123,
            "height": 245
        },
        {
            "x": 214,
            "y": 29,
            "width": 167,
            "height": 334
        },
        {
            "x": 311,
            "y": 69,
            "width": 134,
            "height": 266
        },
        {
            "x": 103,
            "y": 7,
            "width": 99,
            "height": 197
        }
    ],
    "PennPed00015.png": [
        {
            "x": 312,
            "y": 53,
            "width": 200,
            "height": 447
        },
        {
            "x": 106,
            "y": 66,
            "width": 221,
            "height": 441
        },
        {
            "x": 367,
            "y": 177,
            "width": 145,
            "height": 297
        },
        {
            "x": 322,
            "y": 142,
            "width": 108,
            "height": 215
        },
        {
            "x": 164,
            "y": 222,
            "width": 125,
            "height": 250
        },
        {
            "x": 71,
            "y": 311,
            "width": 101,
            "height": 201
        },
        {
            "x": 161,
            "y": 91,
            "width": 113,
            "height": 225
        },
        {
            "x": 382,
            "y": 104,
            "width": 127,
            "height": 253
        },
        {
            "x": 172,
            "y": 72,
            "width": 70,
            "height": 141
        }
    ],
    "PennPed00016.png": [
        {
            "x": 303,
            "y": 97,
            "width": 179,
            "height": 358
        },
        {
            "x": 118,
            "y": 171,
            "width": 164,
            "height": 328
        },
        {
            "x": 0,
            "y": 32,
            "width": 182,
            "height": 380
        },
        {
            "x": 46,
            "y": 265,
            "width": 83,
            "height": 165
        }
    ],
    "PennPed00017.png": [
        {
            "x": 68,
            "y": 28,
            "width": 191,
            "height": 381
        },
        {
            "x": 88,
            "y": 236,
            "width": 141,
            "height": 276
        },
        {
            "x": 114,
            "y": 21,
            "width": 103,
            "height": 206
        },
        {
            "x": 344,
            "y": 282,
            "width": 74,
            "height": 148
        }
    ],
    "PennPed00018.png": [
        {
            "x": 0,
            "y": 7,
            "width": 223,
            "height": 455
        },
        {
            "x": 125,
            "y": 58,
            "width": 223,
            "height": 446
        },
        {
            "x": 42,
            "y": 203,
            "width": 150,
            "height": 299
        },
        {
            "x": 92,
            "y": 82,
            "width": 87,
            "height": 175
        }
    ],
    "PennPed00019.png": [
        {
            "x": 195,
            "y": 146,
            "width": 188,
            "height": 366
        },
        {
            "x": 55,
            "y": 60,
            "width": 170,
            "height": 340
        },
        {
            "x": 342,
            "y": 44,
            "width": 126,
            "height": 252
        },
        {
            "x": 0,
            "y": 114,
            "width": 97,
            "height": 209
        },
        {
            "x": 158,
            "y": 68,
            "width": 76,
            "height": 152
        }
    ],
    "PennPed00020.png": [
        {
            "x": 76,
            "y": 121,
            "width": 164,
            "height": 327
        },
        {
            "x": 222,
            "y": 31,
            "width": 236,
            "height": 472
        },
        {
            "x": 432,
            "y": 228,
            "width": 79,
            "height": 157
        }
    ],
    "PennPed00021.png": [
        {
            "x": 320,
            "y": 84,
            "width": 192,
            "height": 400
        },
        {
            "x": 0,
            "y": 108,
            "width": 193,
            "height": 391
        }
    ],
    "PennPed00022.png": [
        {
            "x": 318,
            "y": 73,
            "width": 194,
            "height": 388
        },
        {
            "x": 0,
            "y": 84,
            "width": 185,
            "height": 409
        },
        {
            "x": 173,
            "y": 220,
            "width": 81,
            "height": 162
        }
    ],
    "PennPed00023.png": [
        {
            "x": 86,
            "y": 115,
            "width": 172,
            "height": 344
        },
        {
            "x": 298,
            "y": 160,
            "width": 69,
            "height": 137
        }
    ],
    "PennPed00024.png": [
        {
            "x": 65,
            "y": 40,
            "width": 223,
            "height": 446
        },
        {
            "x": 139,
            "y": 293,
            "width": 95,
            "height": 190
        }
    ],
    "PennPed00025.png": [
        {
            "x": 172,
            "y": 221,
            "width": 146,
            "height": 291
        },
        {
            "x": 159,
            "y": 56,
            "width": 96,
            "height": 192
        },
        {
            "x": 204,
            "y": 328,
            "width": 84,
            "height": 168
        },
        {
            "x": 434,
            "y": 0,
            "width": 66,
            "height": 132
        },
        {
            "x": 139,
            "y": 31,
            "width": 69,
            "height": 138
        }
    ],
    "PennPed00026.png": [
        {
            "x": 130,
            "y": 119,
            "width": 200,
            "height": 393
        },
        {
            "x": 238,
            "y": 234,
            "width": 137,
            "height": 273
        },
        {
            "x": 1,
            "y": 0,
            "width": 117,
            "height": 228
        },
        {
            "x": 291,
            "y": 114,
            "width": 117,
            "height": 234
        },
        {
            "x": 39,
            "y": 295,
            "width": 83,
            "height": 165
        },
        {
            "x": 191,
            "y": 328,
            "width": 75,
            "height": 150
        },
        {
            "x": 26,
            "y": 82,
            "width": 66,
            "height": 131
        }
    ],
    "PennPed00027.png": [
        {
            "x": 211,
            "y": 199,
            "width": 156,
            "height": 312
        },
        {
            "x": 80,
            "y": 120,
            "width": 187,
            "height": 373
        },
        {
            "x": 178,
            "y": 79,
            "width": 127,
            "height": 253
        },
        {
            "x": 336,
            "y": 30,
            "width": 88,
            "height": 176
        },
        {
            "x": 340,
            "y": 184,
            "width": 162,
            "height": 325
        },
        {
            "x": 383,
            "y": 35,
            "width": 73,
            "height": 146
        },
        {
            "x": 383,
            "y": 132,
            "width": 68,
            "height": 136
        }
    ],
    "PennPed00028.png": [
        {
            "x": 244,
            "y": 38,
            "width": 165,
            "height": 329
        },
        {
            "x": 297,
            "y": 230,
            "width": 122,
            "height": 244
        },
        {
            "x": 44,
            "y": 112,
            "width": 74,
            "height": 147
        }
    ],
    "PennPed00029.png": [
        {
            "x": 41,
            "y": 148,
            "width": 167,
            "height": 333
        },
        {
            "x": 221,
            "y": 94,
            "width": 188,
            "height": 375
        },
        {
            "x": 325,
            "y": 120,
            "width": 179,
            "height": 357
        },
        {
            "x": 156,
            "y": 80,
            "width": 177,
            "height": 355
        }
    ],
    "PennPed00030.png": [
        {
            "x": 303,
            "y": 31,
            "width": 209,
            "height": 442
        },
        {
            "x": 92,
            "y": 28,
            "width": 229,
            "height": 458
        },
        {
            "x": 356,
            "y": 302,
            "width": 108,
            "height": 210
        },
        {
            "x": 140,
            "y": 274,
            "width": 124,
            "height": 238
        },
        {
            "x": 0,
            "y": 323,
            "width": 92,
            "height": 189
        },
        {
            "x": 3,
            "y": 29,
            "width": 71,
            "height": 143
        }
    ],
    "PennPed00031.png": [
        {
            "x": 230,
            "y": 72,
            "width": 231,
            "height": 440
        },
        {
            "x": 300,
            "y": 89,
            "width": 103,
            "height": 206
        },
        {
            "x": 2,
            "y": 282,
            "width": 88,
            "height": 176
        },
        {
            "x": 204,
            "y": 42,
            "width": 80,
            "height": 160
        },
        {
            "x": 130,
            "y": 270,
            "width": 75,
            "height": 149
        }
    ],
    "PennPed00032.png": [
        {
            "x": 106,
            "y": 25,
            "width": 186,
            "height": 371
        },
        {
            "x": 97,
            "y": 196,
            "width": 164,
            "height": 316
        },
        {
            "x": 300,
            "y": 180,
            "width": 130,
            "height": 260
        },
        {
            "x": 113,
            "y": 280,
            "width": 116,
            "height": 232
        },
        {
            "x": 26,
            "y": 0,
            "width": 95,
            "height": 183
        },
        {
            "x": 322,
            "y": 262,
            "width": 81,
            "height": 162
        }
    ],
    "PennPed00033.png": [
        {
            "x": 43,
            "y": 19,
            "width": 236,
            "height": 471
        },
        {
            "x": 92,
            "y": 256,
            "width": 130,
            "height": 256
        },
        {
            "x": 400,
            "y": 274,
            "width": 112,
            "height": 238
        },
        {
            "x": 260,
            "y": 172,
            "width": 89,
            "height": 179
        },
        {
            "x": 36,
            "y": 311,
            "width": 102,
            "height": 201
        },
        {
            "x": 243,
            "y": 178,
            "width": 136,
            "height": 272
        },
        {
            "x": 352,
            "y": 222,
            "width": 88,
            "height": 176
        }
    ],
    "PennPed00034.png": [
        {
            "x": 289,
            "y": 37,
            "width": 223,
            "height": 452
        },
        {
            "x": 66,
            "y": 24,
            "width": 248,
            "height": 488
        },
        {
            "x": 176,
            "y": 95,
            "width": 100,
            "height": 200
        },
        {
            "x": 101,
            "y": 98,
            "width": 70,
            "height": 139
        }
    ],
    "PennPed00035.png": [
        {
            "x": 91,
            "y": 199,
            "width": 161,
            "height": 313
        },
        {
            "x": 349,
            "y": 200,
            "width": 158,
            "height": 312
        },
        {
            "x": 339,
            "y": 103,
            "width": 105,
            "height": 211
        },
        {
            "x": 346,
            "y": 40,
            "width": 69,
            "height": 138
        }
    ],
    "PennPed00036.png": [
        {
            "x": 0,
            "y": 154,
            "width": 173,
            "height": 352
        },
        {
            "x": 325,
            "y": 121,
            "width": 187,
            "height": 388
        },
        {
            "x": 219,
            "y": 0,
            "width": 99,
            "height": 191
        }
    ],
    "PennPed00037.png": [
        {
            "x": 309,
            "y": 76,
            "width": 88,
            "height": 175
        },
        {
            "x": 352,
            "y": 268,
            "width": 105,
            "height": 209
        },
        {
            "x": 90,
            "y": 42,
            "width": 67,
            "height": 133
        },
        {
            "x": 218,
            "y": 218,
            "width": 66,
            "height": 132
        }
    ],
    "PennPed00038.png": [
        {
            "x": 230,
            "y": 14,
            "width": 219,
            "height": 437
        },
        {
            "x": 94,
            "y": 177,
            "width": 84,
            "height": 168
        },
        {
            "x": 0,
            "y": 178,
            "width": 78,
            "height": 178
        }
    ],
    "PennPed00039.png": [
        {
            "x": 274,
            "y": 63,
            "width": 231,
            "height": 449
        },
        {
            "x": 302,
            "y": 267,
            "width": 118,
            "height": 236
        },
        {
            "x": 210,
            "y": 227,
            "width": 100,
            "height": 200
        },
        {
            "x": 31,
            "y": 89,
            "width": 68,
            "height": 135
        },
        {
            "x": 76,
            "y": 94,
            "width": 64,
            "height": 129
        }
    ],
    "PennPed00040.png": [
        {
            "x": 210,
            "y": 21,
            "width": 234,
            "height": 469
        },
        {
            "x": 109,
            "y": 151,
            "width": 130,
            "height": 259
        },
        {
            "x": 268,
            "y": 258,
            "width": 103,
            "height": 206
        }
    ],
    "PennPed00041.png": [
        {
            "x": 258,
            "y": 79,
            "width": 185,
            "height": 369
        },
        {
            "x": 185,
            "y": 289,
            "width": 69,
            "height": 138
        }
    ],
    "PennPed00042.png": [
        {
            "x": 47,
            "y": 168,
            "width": 127,
            "height": 253
        },
        {
            "x": 220,
            "y": 166,
            "width": 175,
            "height": 346
        },
        {
            "x": 337,
            "y": 179,
            "width": 168,
            "height": 333
        },
        {
            "x": 357,
            "y": 198,
            "width": 87,
            "height": 174
        },
        {
            "x": 355,
            "y": 30,
            "width": 70,
            "height": 139
        },
        {
            "x": 0,
            "y": 383,
            "width": 59,
            "height": 129
        }
    ],
    "PennPed00043.png": [
        {
            "x": 327,
            "y": 199,
            "width": 153,
            "height": 306
        },
        {
            "x": 130,
            "y": 8,
            "width": 245,
            "height": 490
        },
        {
            "x": 258,
            "y": 73,
            "width": 138,
            "height": 276
        },
        {
            "x": 386,
            "y": 102,
            "width": 113,
            "height": 226
        },
        {
            "x": 196,
            "y": 314,
            "width": 99,
            "height": 198
        }
    ],
    "PennPed00044.png": [
        {
            "x": 242,
            "y": 139,
            "width": 157,
            "height": 314
        },
        {
            "x": 29,
            "y": 86,
            "width": 218,
            "height": 426
        },
        {
            "x": 339,
            "y": 224,
            "width": 119,
            "height": 238
        }
    ],
    "PennPed00045.png": [
        {
            "x": 334,
            "y": 51,
            "width": 178,
            "height": 373
        },
        {
            "x": 24,
            "y": 192,
            "width": 158,
            "height": 315
        },
        {
            "x": 119,
            "y": 37,
            "width": 239,
            "height": 475
        },
        {
            "x": 267,
            "y": 53,
            "width": 125,
            "height": 250
        }
    ],
    "PennPed00046.png": [
        {
            "x": 265,
            "y": 78,
            "width": 183,
            "height": 365
        },
        {
            "x": 0,
            "y": 177,
            "width": 147,
            "height": 326
        },
        {
            "x": 25,
            "y": 49,
            "width": 68,
            "height": 135
        },
        {
            "x": 138,
            "y": 89,
            "width": 103,
            "height": 207
        },
        {
            "x": 152,
            "y": 154,
            "width": 66,
            "height": 133
        }
    ],
    "PennPed00047.png": [
        {
            "x": 223,
            "y": 54,
            "width": 204,
            "height": 408
        },
        {
            "x": 87,
            "y": 71,
            "width": 205,
            "height": 410
        },
        {
            "x": 8,
            "y": 207,
            "width": 93,
            "height": 186
        }
    ],
    "PennPed00048.png": [
        {
            "x": 115,
            "y": 73,
            "width": 165,
            "height": 330
        },
        {
            "x": 0,
            "y": 12,
            "width": 207,
            "height": 449
        },
        {
            "x": 277,
            "y": 30,
            "width": 229,
            "height": 458
        },
        {
            "x": 24,
            "y": 199,
            "width": 134,
            "height": 268
        },
        {
            "x": 324,
            "y": 344,
            "width": 79,
            "height": 158
        }
    ],
    "PennPed00049.png": [
        {
            "x": 136,
            "y": 46,
            "width": 209,
            "height": 418
        },
        {
            "x": 41,
            "y": 55,
            "width": 228,
            "height": 455
        },
        {
            "x": 312,
            "y": 91,
            "width": 142,
            "height": 283
        },
        {
            "x": 261,
            "y": 172,
            "width": 100,
            "height": 199
        }
    ],
    "PennPed00050.png": [
        {
            "x": 65,
            "y": 141,
            "width": 150,
            "height": 299
        },
        {
            "x": 268,
            "y": 136,
            "width": 134,
            "height": 266
        },
        {
            "x": 281,
            "y": 218,
            "width": 77,
            "height": 153
        }
    ],
    "PennPed00051.png": [
        {
            "x": 219,
            "y": 192,
            "width": 156,
            "height": 311
        },
        {
            "x": 0,
            "y": 15,
            "width": 219,
            "height": 455
        },
        {
            "x": 182,
            "y": 41,
            "width": 241,
            "height": 471
        },
        {
            "x": 235,
            "y": 100,
            "width": 85,
            "height": 170
        },
        {
            "x": 376,
            "y": 171,
            "width": 97,
            "height": 194
        },
        {
            "x": 236,
            "y": 285,
            "width": 90,
            "height": 180
        },
        {
            "x": 385,
            "y": 121,
            "width": 71,
            "height": 142
        },
        {
            "x": 325,
            "y": 82,
            "width": 68,
            "height": 136
        }
    ],
    "PennPed00052.png": [
        {
            "x": 354,
            "y": 105,
            "width": 156,
            "height": 312
        },
        {
            "x": 20,
            "y": 139,
            "width": 153,
            "height": 306
        },
        {
            "x": 123,
            "y": 265,
            "width": 114,
            "height": 227
        },
        {
            "x": 284,
            "y": 195,
            "width": 107,
            "height": 213
        },
        {
            "x": 190,
            "y": 163,
            "width": 86,
            "height": 171
        },
        {
            "x": 160,
            "y": 190,
            "width": 83,
            "height": 166
        },
        {
            "x": 134,
            "y": 207,
            "width": 72,
            "height": 144
        }
    ],
    "PennPed00053.png": [
        {
            "x": 172,
            "y": 13,
            "width": 233,
            "height": 465
        },
        {
            "x": 0,
            "y": 19,
            "width": 234,
            "height": 475
        }
    ],
    "PennPed00054.png": [
        {
            "x": 27,
            "y": 28,
            "width": 234,
            "height": 468
        },
        {
            "x": 224,
            "y": 169,
            "width": 100,
            "height": 200
        },
        {
            "x": 194,
            "y": 46,
            "width": 177,
            "height": 354
        }
    ],
    "PennPed00055.png": [
        {
            "x": 30,
            "y": 1,
            "width": 212,
            "height": 423
        },
        {
            "x": 229,
            "y": 177,
            "width": 147,
            "height": 293
        },
        {
            "x": 105,
            "y": 336,
            "width": 85,
            "height": 169
        },
        {
            "x": 274,
            "y": 71,
            "width": 67,
            "height": 133
        }
    ],
    "PennPed00056.png": [
        {
            "x": 294,
            "y": 118,
            "width": 124,
            "height": 248
        },
        {
            "x": 413,
            "y": 297,
            "width": 97,
            "height": 193
        },
        {
            "x": 76,
            "y": 79,
            "width": 215,
            "height": 429
        },
        {
            "x": 0,
            "y": 112,
            "width": 110,
            "height": 245
        }
    ],
    "PennPed00057.png": [
        {
            "x": 205,
            "y": 0,
            "width": 217,
            "height": 416
        },
        {
            "x": 237,
            "y": 113,
            "width": 93,
            "height": 186
        },
        {
            "x": 67,
            "y": 131,
            "width": 69,
            "height": 137
        }
    ],
    "PennPed00058.png": [
        {
            "x": 168,
            "y": 28,
            "width": 176,
            "height": 352
        },
        {
            "x": 273,
            "y": 53,
            "width": 223,
            "height": 447
        },
        {
            "x": 325,
            "y": 256,
            "width": 120,
            "height": 239
        },
        {
            "x": 144,
            "y": 224,
            "width": 120,
            "height": 239
        },
        {
            "x": 29,
            "y": 172,
            "width": 93,
            "height": 186
        }
    ],
    "PennPed00059.png": [
        {
            "x": 306,
            "y": 33,
            "width": 197,
            "height": 394
        },
        {
            "x": 7,
            "y": 17,
            "width": 208,
            "height": 416
        },
        {
            "x": 43,
            "y": 190,
            "width": 163,
            "height": 322
        },
        {
            "x": 358,
            "y": 216,
            "width": 94,
            "height": 188
        },
        {
            "x": 230,
            "y": 117,
            "width": 78,
            "height": 156
        },
        {
            "x": 96,
            "y": 101,
            "width": 71,
            "height": 141
        },
        {
            "x": 29,
            "y": 117,
            "width": 74,
            "height": 148
        }
    ],
    "PennPed00060.png": [
        {
            "x": 143,
            "y": 15,
            "width": 189,
            "height": 378
        },
        {
            "x": 34,
            "y": 0,
            "width": 199,
            "height": 395
        },
        {
            "x": 13,
            "y": 183,
            "width": 168,
            "height": 329
        },
        {
            "x": 356,
            "y": 215,
            "width": 156,
            "height": 297
        },
        {
            "x": 390,
            "y": 61,
            "width": 122,
            "height": 257
        }
    ],
    "PennPed00061.png": [
        {
            "x": 376,
            "y": 69,
            "width": 98,
            "height": 195
        },
        {
            "x": 99,
            "y": 0,
            "width": 77,
            "height": 147
        },
        {
            "x": 317,
            "y": 29,
            "width": 72,
            "height": 144
        },
        {
            "x": 272,
            "y": 92,
            "width": 77,
            "height": 154
        },
        {
            "x": 186,
            "y": 148,
            "width": 65,
            "height": 130
        },
        {
            "x": 272,
            "y": 143,
            "width": 80,
            "height": 160
        },
        {
            "x": 352,
            "y": 56,
            "width": 84,
            "height": 168
        }
    ],
    "PennPed00062.png": [
        {
            "x": 42,
            "y": 79,
            "width": 228,
            "height": 433
        },
        {
            "x": 237,
            "y": 51,
            "width": 135,
            "height": 270
        },
        {
            "x": 79,
            "y": 219,
            "width": 144,
            "height": 287
        },
        {
            "x": 398,
            "y": 226,
            "width": 90,
            "height": 180
        },
        {
            "x": 351,
            "y": 59,
            "width": 161,
            "height": 359
        },
        {
            "x": 266,
            "y": 318,
            "width": 96,
            "height": 192
        },
        {
            "x": 237,
            "y": 334,
            "width": 65,
            "height": 130
        },
        {
            "x": 141,
            "y": 0,
            "width": 69,
            "height": 130
        }
    ],
    "PennPed00063.png": [
        {
            "x": 342,
            "y": 122,
            "width": 170,
            "height": 340
        },
        {
            "x": 164,
            "y": 111,
            "width": 80,
            "height": 160
        },
        {
            "x": 151,
            "y": 0,
            "width": 154,
            "height": 301
        },
        {
            "x": 239,
            "y": 248,
            "width": 95,
            "height": 189
        },
        {
            "x": 218,
            "y": 260,
            "width": 67,
            "height": 134
        },
        {
            "x": 389,
            "y": 268,
            "width": 84,
            "height": 168
        }
    ],
    "PennPed00064.png": [
        {
            "x": 304,
            "y": 112,
            "width": 90,
            "height": 180
        },
        {
            "x": 404,
            "y": 333,
            "width": 93,
            "height": 179
        }
    ],
    "PennPed00065.png": [
        {
            "x": 38,
            "y": 208,
            "width": 158,
            "height": 304
        }
    ],
    "PennPed00066.png": [
        {
            "x": 0,
            "y": 63,
            "width": 209,
            "height": 437
        },
        {
            "x": 364,
            "y": 180,
            "width": 145,
            "height": 289
        },
        {
            "x": 310,
            "y": 0,
            "width": 202,
            "height": 403
        },
        {
            "x": 282,
            "y": 267,
            "width": 86,
            "height": 171
        }
    ],
    "PennPed00067.png": [
        {
            "x": 120,
            "y": 30,
            "width": 126,
            "height": 252
        },
        {
            "x": 41,
            "y": 172,
            "width": 169,
            "height": 339
        },
        {
            "x": 157,
            "y": 235,
            "width": 138,
            "height": 275
        },
        {
            "x": 0,
            "y": 240,
            "width": 91,
            "height": 209
        },
        {
            "x": 187,
            "y": 312,
            "width": 84,
            "height": 168
        },
        {
            "x": 171,
            "y": 273,
            "width": 76,
            "height": 151
        }
    ],
    "PennPed00068.png": [
        {
            "x": 0,
            "y": 74,
            "width": 197,
            "height": 438
        },
        {
            "x": 308,
            "y": 63,
            "width": 204,
            "height": 449
        },
        {
            "x": 77,
            "y": 46,
            "width": 236,
            "height": 466
        },
        {
            "x": 282,
            "y": 40,
            "width": 146,
            "height": 291
        },
        {
            "x": 375,
            "y": 30,
            "width": 137,
            "height": 286
        },
        {
            "x": 375,
            "y": 226,
            "width": 136,
            "height": 271
        },
        {
            "x": 148,
            "y": 107,
            "width": 69,
            "height": 138
        },
        {
            "x": 161,
            "y": 330,
            "width": 78,
            "height": 156
        }
    ],
    "PennPed00069.png": [
        {
            "x": 209,
            "y": 180,
            "width": 160,
            "height": 321
        },
        {
            "x": 90,
            "y": 321,
            "width": 97,
            "height": 191
        },
        {
            "x": 39,
            "y": 232,
            "width": 145,
            "height": 280
        },
        {
            "x": 0,
            "y": 290,
            "width": 84,
            "height": 170
        }
    ],
    "PennPed00070.png": [
        {
            "x": 153,
            "y": 19,
            "width": 239,
            "height": 478
        },
        {
            "x": 222,
            "y": 260,
            "width": 108,
            "height": 216
        }
    ],
    "PennPed00071.png": [
        {
            "x": 0,
            "y": 70,
            "width": 156,
            "height": 330
        },
        {
            "x": 289,
            "y": 100,
            "width": 112,
            "height": 224
        },
        {
            "x": 302,
            "y": 259,
            "width": 88,
            "height": 175
        },
        {
            "x": 161,
            "y": 171,
            "width": 121,
            "height": 242
        },
        {
            "x": 362,
            "y": 39,
            "width": 150,
            "height": 326
        },
        {
            "x": 362,
            "y": 156,
            "width": 149,
            "height": 297
        },
        {
            "x": 15,
            "y": 304,
            "width": 104,
            "height": 208
        },
        {
            "x": 397,
            "y": 175,
            "width": 70,
            "height": 140
        },
        {
            "x": 183,
            "y": 278,
            "width": 79,
            "height": 157
        }
    ],
    "PennPed00072.png": [
        {
            "x": 279,
            "y": 173,
            "width": 175,
            "height": 339
        },
        {
            "x": 252,
            "y": 35,
            "width": 246,
            "height": 477
        },
        {
            "x": 366,
            "y": 260,
            "width": 130,
            "height": 252
        },
        {
            "x": 334,
            "y": 45,
            "width": 102,
            "height": 203
        },
        {
            "x": 236,
            "y": 141,
            "width": 78,
            "height": 157
        },
        {
            "x": 386,
            "y": 353,
            "width": 76,
            "height": 152
        },
        {
            "x": 202,
            "y": 327,
            "width": 96,
            "height": 185
        }
    ],
    "PennPed00073.png": [
        {
            "x": 124,
            "y": 217,
            "width": 149,
            "height": 295
        },
        {
            "x": 158,
            "y": 324,
            "width": 88,
            "height": 175
        },
        {
            "x": 227,
            "y": 254,
            "width": 120,
            "height": 238
        },
        {
            "x": 99,
            "y": 337,
            "width": 74,
            "height": 149
        }
    ],
    "PennPed00074.png": [
        {
            "x": 280,
            "y": 6,
            "width": 232,
            "height": 488
        },
        {
            "x": 341,
            "y": 231,
            "width": 134,
            "height": 268
        },
        {
            "x": 124,
            "y": 31,
            "width": 248,
            "height": 481
        },
        {
            "x": 11,
            "y": 180,
            "width": 91,
            "height": 182
        }
    ],
    "PennPed00075.png": [
        {
            "x": 261,
            "y": 0,
            "width": 235,
            "height": 458
        },
        {
            "x": 297,
            "y": 114,
            "width": 157,
            "height": 314
        }
    ],
    "PennPed00076.png": [
        {
            "x": 274,
            "y": 0,
            "width": 234,
            "height": 468
        }
    ],
    "PennPed00077.png": [],
    "PennPed00078.png": [
        {
            "x": 283,
            "y": 35,
            "width": 229,
            "height": 477
        },
        {
            "x": 386,
            "y": 109,
            "width": 105,
            "height": 211
        },
        {
            "x": 104,
            "y": 336,
            "width": 71,
            "height": 141
        }
    ],
    "PennPed00079.png": [
        {
            "x": 355,
            "y": 62,
            "width": 99,
            "height": 199
        },
        {
            "x": 352,
            "y": 9,
            "width": 67,
            "height": 134
        }
    ],
    "PennPed00080.png": [
        {
            "x": 39,
            "y": 124,
            "width": 194,
            "height": 387
        }
    ],
    "PennPed00081.png": [
        {
            "x": 108,
            "y": 265,
            "width": 125,
            "height": 247
        },
        {
            "x": 303,
            "y": 92,
            "width": 120,
            "height": 241
        }
    ],
    "PennPed00082.png": [
        {
            "x": 79,
            "y": 245,
            "width": 134,
            "height": 267
        },
        {
            "x": 199,
            "y": 299,
            "width": 112,
            "height": 213
        },
        {
            "x": 90,
            "y": 284,
            "width": 87,
            "height": 174
        }
    ],
    "PennPed00083.png": [
        {
            "x": 117,
            "y": 25,
            "width": 239,
            "height": 478
        }
    ],
    "PennPed00084.png": [
        {
            "x": 237,
            "y": 0,
            "width": 179,
            "height": 350
        },
        {
            "x": 196,
            "y": 167,
            "width": 123,
            "height": 246
        },
        {
            "x": 15,
            "y": 166,
            "width": 82,
            "height": 164
        }
    ],
    "PennPed00085.png": [],
    "PennPed00086.png": [
        {
            "x": 175,
            "y": 75,
            "width": 199,
            "height": 398
        },
        {
            "x": 328,
            "y": 21,
            "width": 184,
            "height": 407
        },
        {
            "x": 352,
            "y": 212,
            "width": 145,
            "height": 290
        },
        {
            "x": 0,
            "y": 156,
            "width": 113,
            "height": 241
        },
        {
            "x": 99,
            "y": 253,
            "width": 104,
            "height": 208
        }
    ],
    "PennPed00087.png": [
        {
            "x": 28,
            "y": 181,
            "width": 168,
            "height": 331
        },
        {
            "x": 248,
            "y": 155,
            "width": 125,
            "height": 250
        },
        {
            "x": 32,
            "y": 57,
            "width": 80,
            "height": 160
        },
        {
            "x": 257,
            "y": 234,
            "width": 78,
            "height": 155
        }
    ],
    "PennPed00088.png": [
        {
            "x": 236,
            "y": 128,
            "width": 168,
            "height": 336
        },
        {
            "x": 174,
            "y": 232,
            "width": 140,
            "height": 279
        },
        {
            "x": 302,
            "y": 243,
            "width": 104,
            "height": 209
        },
        {
            "x": 223,
            "y": 367,
            "width": 72,
            "height": 143
        },
        {
            "x": 370,
            "y": 31,
            "width": 65,
            "height": 130
        }
    ],
    "PennPed00089.png": [
        {
            "x": 35,
            "y": 148,
            "width": 187,
            "height": 364
        },
        {
            "x": 232,
            "y": 258,
            "width": 102,
            "height": 205
        }
    ],
    "PennPed00090.png": [
        {
            "x": 243,
            "y": 168,
            "width": 113,
            "height": 226
        },
        {
            "x": 38,
            "y": 333,
            "width": 80,
            "height": 160
        },
        {
            "x": 122,
            "y": 246,
            "width": 65,
            "height": 130
        },
        {
            "x": 58,
            "y": 245,
            "width": 66,
            "height": 132
        }
    ],
    "PennPed00091.png": [
        {
            "x": 67,
            "y": 166,
            "width": 144,
            "height": 288
        },
        {
            "x": 349,
            "y": 314,
            "width": 96,
            "height": 191
        },
        {
            "x": 230,
            "y": 205,
            "width": 74,
            "height": 148
        },
        {
            "x": 358,
            "y": 327,
            "width": 69,
            "height": 137
        }
    ],
    "PennPed00092.png": [
        {
            "x": 257,
            "y": 264,
            "width": 74,
            "height": 148
        }
    ],
    "PennPed00093.png": [
        {
            "x": 164,
            "y": 204,
            "width": 134,
            "height": 267
        },
        {
            "x": 289,
            "y": 53,
            "width": 149,
            "height": 298
        },
        {
            "x": 164,
            "y": 32,
            "width": 97,
            "height": 195
        }
    ],
    "PennPed00094.png": [
        {
            "x": 160,
            "y": 207,
            "width": 142,
            "height": 283
        },
        {
            "x": 79,
            "y": 210,
            "width": 131,
            "height": 262
        },
        {
            "x": 363,
            "y": 146,
            "width": 75,
            "height": 150
        },
        {
            "x": 205,
            "y": 10,
            "width": 66,
            "height": 131
        }
    ],
    "PennPed00095.png": [
        {
            "x": 141,
            "y": 13,
            "width": 230,
            "height": 460
        },
        {
            "x": 288,
            "y": 82,
            "width": 167,
            "height": 335
        },
        {
            "x": 211,
            "y": 271,
            "width": 109,
            "height": 217
        },
        {
            "x": 309,
            "y": 219,
            "width": 135,
            "height": 270
        }
    ],
    "PennPed00096.png": [
        {
            "x": 0,
            "y": 226,
            "width": 133,
            "height": 286
        },
        {
            "x": 251,
            "y": 283,
            "width": 90,
            "height": 180
        }
    ]
}